date,description,amount
2024-01-01,Salary Deposit,3500.00
2024-01-02,Rent Payment,-1200.00
2024-01-03,Grocery Store - Whole Foods,-85.43
2024-01-03,Coffee Shop - Starbucks,-6.75
2024-01-04,Gas Station - Shell,-45.20
2024-01-05,Restaurant - Chipotle,-12.50
2024-01-05,Amazon Purchase - Books,-34.99
2024-01-06,Electric Bill - PG&E,-145.00
2024-01-07,Netflix Subscription,-15.99
2024-01-07,Spotify Subscription,-9.99
2024-01-08,Uber Ride,-18.50
2024-01-08,Movie Tickets - AMC,-34.00
2024-01-09,Grocery Store - Trader Joes,-67.23
2024-01-10,Gym Membership,-49.99
2024-01-11,Restaurant - Olive Garden,-67.32
2024-01-12,Pharmacy - CVS,-23.45
2024-01-13,Internet Bill - Comcast,-79.99
2024-01-14,Gas Station - Chevron,-52.10
2024-01-15,Target Shopping,-89.23
2024-01-16,Coffee Shop - Peets,-5.50
2024-01-17,Dentist Appointment,-150.00
2024-01-18,Amazon Purchase - Electronics,-127.89
2024-01-19,Grocery Store - Safeway,-112.67
2024-01-20,Restaurant - Pizza Hut,-28.75
2024-01-21,Car Insurance,-180.00
2024-01-22,Phone Bill - Verizon,-85.00
2024-01-23,Uber Eats - Dinner,-45.20
2024-01-24,Bookstore - Barnes & Noble,-42.50
2024-01-25,Home Depot - Hardware,-78.45
2024-01-26,Movie Streaming - Disney+,-13.99
2024-01-27,Freelance Income,850.00
2024-01-28,Grocery Store - Whole Foods,-95.32
2024-01-29,Gas Station - Shell,-48.75
2024-01-30,Restaurant - Sushi Bar,-87.50
2024-01-31,Savings Transfer,-500.00